input,output
"
You are conducting thematic analysis following Braun and Clarke's (2006) approach.

Research Objectives:
To comprehensively understand the operations, challenges, strategies, and future outlook of a farming organization in the context of market dynamics, sustainability, and economic factors.

Theoretical Framework:
Constructivist

Transcript Chunks:
  - Chunk ID: Document_chunk_1
    Content: When you say that, do you mean the farm side or the [org name]? I think the [org name]. [org name] is 3 farmers, we all grow potatoes. We are all selling individually, and what we’re trying to do is come together to make an organisation basically, where all our potatoes are bought centrally and marketed all together. This organization is designed to streamline the process, allowing us to work collectively rather than as isolated entities. So, fundamentally, we brought in a trader to take the burden out of the individual farms and get closer to the customers, because the customers don’t really want to deal with the farms; they would rather go through an organization. This setup acts as an interface between the farmers and the customers, ensuring that the organization is owned by the farmers and tailored to their needs.
    Score: 0.8
  - Chunk ID: Document_chunk_17
    Content: Initially, we had to go through other channels outside of [org name], which meant a significant portion of the profits was absorbed by the middleman. Our primary goal is to eliminate this intermediary, ensuring that all the money that would typically go to them is redirected back to the farmers. We are not focused on generating profit for ourselves; instead, our mission is to ensure that the financial benefits are passed directly to the farmers. This is a fundamental issue in the agricultural industry—money is not reaching the farmers as it should. The lack of financial return to farmers is a critical problem we aim to address through our organization.
    Score: 0.1
  - Chunk ID: Document_chunk_68
    Content: The COVID-19 pandemic has had a profound impact on [org name], as highlighted by the sudden disruption of contracts with customers. With the food sector, particularly restaurants, ceasing operations overnight, the organization found itself unable to move the required tonnage of potatoes. This situation left a significant amount of produce without a market, illustrating the precarious nature of the agricultural supply chain. The speaker notes that approximately one third of the potato industry is dependent on this sector, underscoring the scale of the challenge faced by [org name] and the urgency to adapt to these unforeseen circumstances.
    Score: 0.06666666666666667
  - Chunk ID: Document_chunk_34
    Content: The speaker envisions a future where sustainability is paramount in the food system. They aim to expand their organization by bringing more farmers on board, thereby increasing the collective benefits for all members. A key initiative is the introduction of a 7.5kg bag line, which represents a step towards getting closer to the customer and reducing dependency on factories. This approach is intended to create a more direct supply chain, ultimately allowing for a process that delivers produce straight from the farm to the end customer. By doing so, they hope to enhance profitability for farmers and ensure that the financial benefits of their work are maximized.
    Score: 0.05
  - Chunk ID: Document_chunk_24
    Content: In terms of collaborators, the organization currently works with three direct farms that supply potatoes, along with other contractual farms that guarantee their produce to the group. This collaborative network is essential for maintaining a consistent supply of potatoes to major factories such as Walkers, McCains, and Seabrooks, as well as providing pre-packaged products for supermarkets like Morrison’s. The organization’s role is to bypass the traditional middle man, ensuring that the profits from sales are directed back to the farmers, thereby supporting their livelihoods and promoting a more sustainable agricultural model.
    Score: 0.04000000000000001

Task: Select quotations that align with the research objectives and theoretical framework while following these criteria:

For each quotation, provide:

1. quote_data:
{
    ""quotation"": str,                    # The exact quotation text
    ""context"": str,                  # Surrounding context from interview
    ""type"": str,                     # 'discrete' (brief diverse perspectives)
                                    # 'embedded' (transition phrases) 
                                    # 'longer' (complex understanding)
    ""function"": str,                 # 'evidence' | 'explanation' | 'illustration' | 
                                    # 'impression' | 'representation'
    ""pattern_strength"": float,       # 0.0-1.0 indicating robustness of pattern
    ""theoretical_alignment"": float   # 0.0-1.0 alignment with framework
}

2. analysis:
{
    ""selection_rationale"": str,     # Why this quote was chosen 
    ""theoretical_relevance"": str,   # How quote supports theoretical framework
    ""objective_support"": str,       # How quote advances research objectives
    ""patterns"": str                 # Key patterns identified
}

Key Guidelines:
1. Focus on relevance to research objectives
2. Ensure theoretical alignment
3. Provide adequate context
4. Identify clear patterns
5. Maintain participant confidentiality
6. Balance diversity of perspectives

Return response as valid JSON with 'quotations' and 'analysis' fields.
","[{""quotation"": ""we're trying to do is come together to make an organisation basically, where all our potatoes are bought centrally and marketed all together."", ""type"": ""operational strategy"", ""context"": ""This quotation reflects the collaborative effort of the farmers to streamline their operations and enhance market presence.""}, {""quotation"": ""the idea was that we cut out the middle man and all that money comes back to the farm."", ""type"": ""economic strategy"", ""context"": ""This highlights the economic motivation behind the organization's formation, aiming to increase profitability for farmers.""}, {""quotation"": ""we had contracts – our customers basically tore up in front of us."", ""type"": ""challenge"", ""context"": ""This illustrates the significant impact of the COVID crisis on the organization's operations and market stability.""}, {""quotation"": ""I think sustainability is the key to anything."", ""type"": ""future outlook"", ""context"": ""This statement emphasizes the importance of sustainability in the organization's vision for the future.""}, {""quotation"": ""the closer to the customer we get, the more we’ll get back to the farm."", ""type"": ""strategic vision"", ""context"": ""This reflects the organization's strategy to enhance direct sales to customers, thereby increasing returns to farmers.""}]"
"
You are conducting thematic analysis following Braun and Clarke's (2006) approach.

Research Objectives:
To comprehensively understand the operations, challenges, strategies, and future outlook of a farming organization in the context of market dynamics, sustainability, and economic factors.

Theoretical Framework:
Constructivist

Transcript Chunks:
  - Chunk ID: Document_chunk_10
    Content: We buy from other farms as well, which supply at different times of year, it varies. This allows us to maintain a steady supply of potatoes throughout the year, regardless of seasonal fluctuations. While our main operations are local, we do engage with factories and suppliers nationally. Additionally, we have occasionally exported to countries like Poland, Ireland, and Belgium, particularly when there is a surplus or when local supply is affected by extreme weather conditions. This flexibility in sourcing is crucial for meeting the demands of our customers and ensuring that we can provide potatoes all year round.
    Score: 0.65
  - Chunk ID: Document_chunk_15
    Content: The organization primarily focuses on local and national supply chains, but they also engage in international trade when market conditions necessitate it. As mentioned, ""But that’s not a regular thing, that’s just when the market requires it, if there’s an opportunity we have to grab it."" This reflects their strategy of being responsive to market demands, allowing them to export surplus potatoes to countries like Poland, Ireland, and Belgium when local supply exceeds demand. This adaptability is crucial for maintaining a steady flow of business and ensuring that they can meet the needs of their customers throughout the year.
    Score: 0.3
  - Chunk ID: Document_chunk_1
    Content: When you say that, do you mean the farm side or the [org name]? I think the [org name]. [org name] is 3 farmers, we all grow potatoes. We are all selling individually, and what we’re trying to do is come together to make an organisation basically, where all our potatoes are bought centrally and marketed all together. This organization is designed to streamline the process, allowing us to work collectively rather than as isolated entities. So, fundamentally, we brought in a trader to take the burden out of the individual farms and get closer to the customers, because the customers don’t really want to deal with the farms; they would rather go through an organization. This setup acts as an interface between the farmers and the customers, ensuring that the organization is owned by the farmers and tailored to their needs.
    Score: 0.24
  - Chunk ID: Document_chunk_9
    Content: The organization operates on a national scale, supplying factories across the country with potatoes. To ensure a steady supply throughout the year, they purchase potatoes from various regions on an ad hoc basis, accommodating the different harvesting periods. This strategy is vital for meeting the continuous demand from factories, as both the organization and the factories rely on a reliable year-round supply of potatoes.
    Score: 0.2
  - Chunk ID: Document_chunk_11
    Content: In the context of the organization's operations, the statement ""We do a little bit. We have exported in the past."" underscores the importance of adaptability in their supply chain strategy. The organization primarily focuses on local and national markets, but it recognizes that international trade can be beneficial, especially during periods of surplus or when domestic supply is affected by factors like extreme weather. This approach not only helps in managing inventory effectively but also ensures that they can meet the demands of their customers consistently, thereby enhancing their overall market resilience.
    Score: 0.15

Task: Select quotations that align with the research objectives and theoretical framework while following these criteria:

For each quotation, provide:

1. quote_data:
{
    ""quotation"": str,                    # The exact quotation text
    ""context"": str,                  # Surrounding context from interview
    ""type"": str,                     # 'discrete' (brief diverse perspectives)
                                    # 'embedded' (transition phrases) 
                                    # 'longer' (complex understanding)
    ""function"": str,                 # 'evidence' | 'explanation' | 'illustration' | 
                                    # 'impression' | 'representation'
    ""pattern_strength"": float,       # 0.0-1.0 indicating robustness of pattern
    ""theoretical_alignment"": float   # 0.0-1.0 alignment with framework
}

2. analysis:
{
    ""selection_rationale"": str,     # Why this quote was chosen 
    ""theoretical_relevance"": str,   # How quote supports theoretical framework
    ""objective_support"": str,       # How quote advances research objectives
    ""patterns"": str                 # Key patterns identified
}

Key Guidelines:
1. Focus on relevance to research objectives
2. Ensure theoretical alignment
3. Provide adequate context
4. Identify clear patterns
5. Maintain participant confidentiality
6. Balance diversity of perspectives

Return response as valid JSON with 'quotations' and 'analysis' fields.
","[{""quotation"": ""So, we buy from other farms as well, which supply at different times of year, it varies."", ""type"": ""operational strategy"", ""context"": ""This quotation reflects the organization's strategy of diversifying supply sources to ensure year-round availability of products.""}, {""quotation"": ""But that’s not a regular thing, that’s just when the market requires it, if there’s an opportunity we have to grab it."", ""type"": ""market dynamics"", ""context"": ""This statement indicates the organization's responsiveness to market demands, showcasing their adaptability in a fluctuating market.""}, {""quotation"": ""So, fundamentally, we brought in a trader to take the burden out of the individual farms and get closer to the customers."", ""type"": ""collaboration"", ""context"": ""This highlights the collaborative effort among farmers to streamline operations and improve customer relations, which is crucial for their sustainability.""}, {""quotation"": ""And obviously, we want to supply the factories all year round, and they want a supply all year round."", ""type"": ""supply chain management"", ""context"": ""This quotation emphasizes the importance of maintaining a consistent supply chain to meet customer needs, reflecting the economic factors influencing their operations.""}, {""quotation"": ""We do a little bit. We have exported in the past."", ""type"": ""future outlook"", ""context"": ""This statement suggests potential growth opportunities for the organization in international markets, indicating a forward-looking strategy.""}]"
"
You are conducting thematic analysis following Braun and Clarke's (2006) approach.

Research Objectives:
To comprehensively understand the operations, challenges, strategies, and future outlook of a farming organization in the context of market dynamics, sustainability, and economic factors.

Theoretical Framework:
Constructivist

Transcript Chunks:
  - Chunk ID: Document_chunk_19
    Content: Yes, as it were. I’ve just obeyed the company really. We’ve got a lot to do, to get to where we want to get to. It’s certainly helping. Obviously, after Covid it’s been a challenging year. So, people have seen that it’s a good idea and they want in on it? Yes, there’s more competition in the area.
    Score: 0.6
  - Chunk ID: Document_chunk_1
    Content: When you say that, do you mean the farm side or the [org name]? I think the [org name]. [org name] is 3 farmers, we all grow potatoes. We are all selling individually, and what we’re trying to do is come together to make an organisation basically, where all our potatoes are bought centrally and marketed all together. This organization is designed to streamline the process, allowing us to work collectively rather than as isolated entities. So, fundamentally, we brought in a trader to take the burden out of the individual farms and get closer to the customers, because the customers don’t really want to deal with the farms; they would rather go through an organization. This setup acts as an interface between the farmers and the customers, ensuring that the organization is owned by the farmers and tailored to their needs.
    Score: 0.36666666666666664
  - Chunk ID: Document_chunk_17
    Content: Initially, we had to go through other channels outside of [org name], which meant a significant portion of the profits was absorbed by the middleman. Our primary goal is to eliminate this intermediary, ensuring that all the money that would typically go to them is redirected back to the farmers. We are not focused on generating profit for ourselves; instead, our mission is to ensure that the financial benefits are passed directly to the farmers. This is a fundamental issue in the agricultural industry—money is not reaching the farmers as it should. The lack of financial return to farmers is a critical problem we aim to address through our organization.
    Score: 0.2
  - Chunk ID: Document_chunk_18
    Content: This segment illustrates the impact of [org name]'s strategy on the local agricultural market. By cutting out the middleman and centralizing the purchasing and marketing of potatoes, they have created a more competitive environment. The speaker acknowledges that their efforts have prompted other organizations to merge and adapt, indicating a shift in the market dynamics. This competition is seen as a positive development, suggesting that the organization's model is gaining traction and encouraging others to rethink their approaches to potato distribution and sales.
    Score: 0.1
  - Chunk ID: Document_chunk_52
    Content: The speaker acknowledges that while [org name] could potentially contribute to developing processing capacity, financial limitations pose a significant barrier. They emphasize that substantial investment is required for such initiatives, but current profit margins in agriculture are insufficient to support this. The banking industry's withdrawal from agricultural financing further complicates the situation, making it difficult for organizations like [org name] to secure the necessary funds to invest in processing capabilities. This highlights the critical need for financial support and investment in the agricultural sector to foster growth and sustainability.
    Score: 0.05

Task: Select quotations that align with the research objectives and theoretical framework while following these criteria:

For each quotation, provide:

1. quote_data:
{
    ""quotation"": str,                    # The exact quotation text
    ""context"": str,                  # Surrounding context from interview
    ""type"": str,                     # 'discrete' (brief diverse perspectives)
                                    # 'embedded' (transition phrases) 
                                    # 'longer' (complex understanding)
    ""function"": str,                 # 'evidence' | 'explanation' | 'illustration' | 
                                    # 'impression' | 'representation'
    ""pattern_strength"": float,       # 0.0-1.0 indicating robustness of pattern
    ""theoretical_alignment"": float   # 0.0-1.0 alignment with framework
}

2. analysis:
{
    ""selection_rationale"": str,     # Why this quote was chosen 
    ""theoretical_relevance"": str,   # How quote supports theoretical framework
    ""objective_support"": str,       # How quote advances research objectives
    ""patterns"": str                 # Key patterns identified
}

Key Guidelines:
1. Focus on relevance to research objectives
2. Ensure theoretical alignment
3. Provide adequate context
4. Identify clear patterns
5. Maintain participant confidentiality
6. Balance diversity of perspectives

Return response as valid JSON with 'quotations' and 'analysis' fields.
","[{""quotation"": ""So, people have seen that it’s a good idea and they want in on it?"", ""type"": ""question"", ""context"": ""This question reflects the growing interest in the farming organization and the potential for collaboration among farmers.""}, {""quotation"": ""we are all selling individually, and what we’re trying to do is come together to make an organisation basically, where all our potatoes are bought centrally and marketed all together."", ""type"": ""statement"", ""context"": ""This statement highlights the operational strategy of centralizing sales to enhance market presence and efficiency.""}, {""quotation"": ""the idea was that we cut out the middle man and all that money comes back to the farm."", ""type"": ""statement"", ""context"": ""This quote addresses the challenge of profit distribution in the industry and the organization's goal to ensure that farmers receive fair compensation.""}, {""quotation"": ""there’s more competition in the area."", ""type"": ""statement"", ""context"": ""This observation indicates the changing market dynamics and the need for the organization to adapt to increased competition.""}, {""quotation"": ""the trouble with all these ideas is that they cost a lot of money."", ""type"": ""statement"", ""context"": ""This statement underscores the financial challenges faced by farmers and the need for sustainable investment in processing capacity.""}]"
"
You are conducting thematic analysis following Braun and Clarke's (2006) approach.

Research Objectives:
To comprehensively understand the operations, challenges, strategies, and future outlook of a farming organization in the context of market dynamics, sustainability, and economic factors.

Theoretical Framework:
Constructivist

Transcript Chunks:
  - Chunk ID: Document_chunk_29
    Content: Yes, so what you’re saying is that if a supplier dropped out, you could find a different supplier, and things like that? Yes, obviously the crucial thing is suppliers and farmers. If you haven’t got them, or enough of them to supply the demand you’ve got, you’ve got problems. So, they’re the important ones? Yes. This exchange illustrates the foundational role that suppliers and farmers play in ensuring the organization can meet its commitments and maintain its operations effectively. Without a reliable network of suppliers, the organization risks falling short in fulfilling customer demands, which could jeopardize its stability and growth.
    Score: 0.7
  - Chunk ID: Document_chunk_28
    Content: The question ""Is that what you mean?"" arises after the interviewee explains how their organization functions as an interface between farmers and customers, effectively taking on the role of the middleman to streamline the process and ensure that profits return to the farmers. This moment highlights the importance of clear communication in discussions about organizational roles and market dynamics, as the interviewer seeks to confirm their understanding of the innovative approach being taken by the organization.
    Score: 0.3
  - Chunk ID: Document_chunk_24
    Content: In terms of collaborators, the organization currently works with three direct farms that supply potatoes, along with other contractual farms that guarantee their produce to the group. This collaborative network is essential for maintaining a consistent supply of potatoes to major factories such as Walkers, McCains, and Seabrooks, as well as providing pre-packaged products for supermarkets like Morrison’s. The organization’s role is to bypass the traditional middle man, ensuring that the profits from sales are directed back to the farmers, thereby supporting their livelihoods and promoting a more sustainable agricultural model.
    Score: 0.2
  - Chunk ID: Document_chunk_54
    Content: The speaker recognizes the pressing issues within the agricultural sector, stating, ""I can see the issue. I know exactly what the issue is and I know where you’d take it forward."" However, they feel limited in their ability to effect change due to a lack of investment, saying, ""without the investment or money to back what requires doing, it’s a waste of time."" They then discuss the stability of their organization, noting, ""The stability in [org name] is fine,"" but contrasting this with the ""disastrous"" state of agriculture, emphasizing that without farmers and a reliable supply of potatoes, their organization cannot maintain stability. This highlights the critical need for financial support and investment in the agricultural sector to ensure its resilience and sustainability.
    Score: 0.2
  - Chunk ID: Document_chunk_86
    Content: The statement, ""Put it to them – to do what you want and what you say you’re going to do, we need these businesses to invest,"" encapsulates the urgent call for financial support within the agricultural industry. The speaker is advocating for a shift in focus towards securing investment that can empower farmers and organizations to implement their strategies effectively. This need for investment is underscored by the challenges posed by market volatility, competition, and the impact of external factors like COVID-19 and Brexit, which have exacerbated the financial strain on farmers. By securing the necessary funding, the organization aims to streamline operations, reduce inefficiencies, and ultimately ensure that more profits return to the farmers, thereby fostering a more sustainable food system.
    Score: 0.15

Task: Select quotations that align with the research objectives and theoretical framework while following these criteria:

For each quotation, provide:

1. quote_data:
{
    ""quotation"": str,                    # The exact quotation text
    ""context"": str,                  # Surrounding context from interview
    ""type"": str,                     # 'discrete' (brief diverse perspectives)
                                    # 'embedded' (transition phrases) 
                                    # 'longer' (complex understanding)
    ""function"": str,                 # 'evidence' | 'explanation' | 'illustration' | 
                                    # 'impression' | 'representation'
    ""pattern_strength"": float,       # 0.0-1.0 indicating robustness of pattern
    ""theoretical_alignment"": float   # 0.0-1.0 alignment with framework
}

2. analysis:
{
    ""selection_rationale"": str,     # Why this quote was chosen 
    ""theoretical_relevance"": str,   # How quote supports theoretical framework
    ""objective_support"": str,       # How quote advances research objectives
    ""patterns"": str                 # Key patterns identified
}

Key Guidelines:
1. Focus on relevance to research objectives
2. Ensure theoretical alignment
3. Provide adequate context
4. Identify clear patterns
5. Maintain participant confidentiality
6. Balance diversity of perspectives

Return response as valid JSON with 'quotations' and 'analysis' fields.
","[{""quotation"": ""Yes, so what you’re saying is that if a supplier dropped out, you could find a different supplier, and things like that? Yes, obviously the crucial thing is suppliers and farmers. If you haven’t got them, or enough of them to supply the demand you’ve got, you’ve got problems. So, they’re the important ones? Yes."", ""type"": ""operational dynamics"", ""context"": ""This quotation highlights the critical role of suppliers and farmers in the operational framework of the organization, indicating that their availability directly impacts the organization's ability to meet market demand.""}, {""quotation"": ""There’s three farms that are direct suppliers, and then we have contractual other farms, basically guaranteeing us their spuds, contracted into the group."", ""type"": ""collaboration and strategy"", ""context"": ""This statement illustrates the collaborative strategies employed by the organization to secure a stable supply chain, which is essential for maintaining operations and meeting market needs.""}, {""quotation"": ""The stability in [org name] is fine. The stability in agriculture and farming is disastrous. Without the farmers and the potatoes, and supply whatever you’re doing, we’re not very stable."", ""type"": ""challenges"", ""context"": ""This quotation underscores the challenges faced by the organization due to external factors affecting agriculture, emphasizing the precarious nature of farming stability and its implications for the organization.""}, {""quotation"": ""Put it to them – to do what you want and what you say you’re going to do, we need these businesses to invest."", ""type"": ""future outlook"", ""context"": ""This statement reflects the need for investment in the agricultural sector to ensure future stability and operational success, aligning with the organization's strategic outlook.""}]"
"
You are conducting thematic analysis following Braun and Clarke's (2006) approach.

Research Objectives:
To comprehensively understand the operations, challenges, strategies, and future outlook of a farming organization in the context of market dynamics, sustainability, and economic factors.

Theoretical Framework:
Constructivist

Transcript Chunks:
  - Chunk ID: Document_chunk_1
    Content: When you say that, do you mean the farm side or the [org name]? I think the [org name]. [org name] is 3 farmers, we all grow potatoes. We are all selling individually, and what we’re trying to do is come together to make an organisation basically, where all our potatoes are bought centrally and marketed all together. This organization is designed to streamline the process, allowing us to work collectively rather than as isolated entities. So, fundamentally, we brought in a trader to take the burden out of the individual farms and get closer to the customers, because the customers don’t really want to deal with the farms; they would rather go through an organization. This setup acts as an interface between the farmers and the customers, ensuring that the organization is owned by the farmers and tailored to their needs.
    Score: 0.65
  - Chunk ID: Document_chunk_22
    Content: The organization, [org name], is fundamentally reshaping the agricultural supply chain by acting as a direct interface between farmers and customers. By eliminating the traditional middleman, they ensure that profits are redirected back to the farmers, addressing a long-standing issue in the industry where farmers often receive a fraction of the market price for their produce. This innovative model not only aims to enhance the financial stability of the farmers but also seeks to create a more sustainable food system. The organization is actively managing the supply of potatoes from multiple farms, ensuring a steady flow to factories and consumers alike. Their recent initiatives, such as launching a direct-to-consumer service, reflect a strategic move towards reducing reliance on larger processing firms and fostering a closer connection with end-users. This approach is particularly relevant in the current climate, where the agricultural sector faces significant challenges, including fluctuating market prices and the impacts of global events like COVID-19 and Brexit.
    Score: 0.6
  - Chunk ID: Document_chunk_42
    Content: We want more growers on board, more customers, and to grow that base we’d need to add more of what we’re doing and probably streamline what we’re doing. This reflects our commitment to enhancing our operational efficiency and expanding our reach within the agricultural market. So, there’s a three-way approach where we can drive out the inefficiencies, really. Additionally, as you know, things have changed quite recently – can you see any trends in society that could perhaps accelerate the vision that you’ve just put forward, that might contribute to help? This question highlights our awareness of the broader market landscape and our desire to leverage societal shifts to bolster our growth strategy.
    Score: 0.36666666666666664
  - Chunk ID: Document_chunk_31
    Content: The organization, [org name], is fundamentally reshaping the agricultural supply chain by acting as a direct interface between farmers and customers. By eliminating the traditional middleman, they ensure that profits are redirected back to the farmers, addressing a long-standing issue in the industry where farmers often receive a fraction of the market price for their produce. This innovative model not only aims to enhance the financial stability of the farmers but also seeks to create a more sustainable food system. The organization is actively managing the supply of potatoes from multiple farms, ensuring a steady flow to factories and consumers alike. Their recent initiatives, such as launching a direct-to-consumer service, reflect a strategic move towards reducing reliance on larger processing firms and fostering a closer connection with end-users. This approach is particularly relevant in the current climate, where the agricultural sector faces significant challenges, including fluctuating market prices and the impacts of global events like COVID-19 and Brexit.
    Score: 0.3
  - Chunk ID: Document_chunk_34
    Content: The speaker envisions a future where sustainability is paramount in the food system. They aim to expand their organization by bringing more farmers on board, thereby increasing the collective benefits for all members. A key initiative is the introduction of a 7.5kg bag line, which represents a step towards getting closer to the customer and reducing dependency on factories. This approach is intended to create a more direct supply chain, ultimately allowing for a process that delivers produce straight from the farm to the end customer. By doing so, they hope to enhance profitability for farmers and ensure that the financial benefits of their work are maximized.
    Score: 0.2

Task: Select quotations that align with the research objectives and theoretical framework while following these criteria:

For each quotation, provide:

1. quote_data:
{
    ""quotation"": str,                    # The exact quotation text
    ""context"": str,                  # Surrounding context from interview
    ""type"": str,                     # 'discrete' (brief diverse perspectives)
                                    # 'embedded' (transition phrases) 
                                    # 'longer' (complex understanding)
    ""function"": str,                 # 'evidence' | 'explanation' | 'illustration' | 
                                    # 'impression' | 'representation'
    ""pattern_strength"": float,       # 0.0-1.0 indicating robustness of pattern
    ""theoretical_alignment"": float   # 0.0-1.0 alignment with framework
}

2. analysis:
{
    ""selection_rationale"": str,     # Why this quote was chosen 
    ""theoretical_relevance"": str,   # How quote supports theoretical framework
    ""objective_support"": str,       # How quote advances research objectives
    ""patterns"": str                 # Key patterns identified
}

Key Guidelines:
1. Focus on relevance to research objectives
2. Ensure theoretical alignment
3. Provide adequate context
4. Identify clear patterns
5. Maintain participant confidentiality
6. Balance diversity of perspectives

Return response as valid JSON with 'quotations' and 'analysis' fields.
","[{""quotation"": ""We are all selling individually, and what we’re trying to do is come together to make an organisation basically, where all our potatoes are bought centrally and marketed all together."", ""type"": ""operational strategy"", ""context"": ""This statement emphasizes the collaborative approach of the farmers to enhance their market presence and efficiency.""}, {""quotation"": ""So, there’s a three-way approach where we can drive out the inefficiencies, really."", ""type"": ""challenges and strategies"", ""context"": ""This highlights the organization's recognition of inefficiencies in their current operations and their strategic approach to address them.""}, {""quotation"": ""I think sustainability is the key to anything. If we don’t have sustainability, we’ve got problems."", ""type"": ""future outlook"", ""context"": ""This reflects the organization's commitment to sustainability as a core principle guiding their future operations and strategies.""}, {""quotation"": ""The closer to the customer we get, the more we’ll get back to the farm."", ""type"": ""market dynamics"", ""context"": ""This illustrates the organization's strategy to enhance direct relationships with customers, which is crucial for their economic viability.""}]"
"
You are conducting thematic analysis following Braun and Clarke's (2006) approach.

Research Objectives:
To comprehensively understand the operations, challenges, strategies, and future outlook of a farming organization in the context of market dynamics, sustainability, and economic factors.

Theoretical Framework:
Constructivist

Transcript Chunks:
  - Chunk ID: Document_chunk_51
    Content: The farmers are there, they’ll do a good job. They’re there to do it. But if they can’t process what we produce, we’re snookered. We’re just flooding the market. This statement underscores the pressing issue of inadequate processing capacity in the UK agricultural sector, which has been exacerbated by recent challenges such as Brexit and the COVID-19 pandemic. The speaker is concerned that without sufficient processing facilities, the hard work of farmers will not translate into marketable products, leading to waste and financial instability. This reflects a broader call for investment in local processing capabilities to ensure that farmers can effectively bring their produce to market and sustain their livelihoods.
    Score: 0.6
  - Chunk ID: Document_chunk_49
    Content: The discussion reveals that the processing capacity in the UK is a significant bottleneck for the agricultural sector. Despite having a robust supply of farmers and potatoes, the inability to process these products locally means that much of the potential output is wasted or exported for processing abroad. This situation is exacerbated by the current economic climate, where investment in local processing facilities is lacking. The speaker points out that without adequate processing capabilities, the farming industry cannot thrive, leading to a cycle of inefficiency and financial instability. Addressing this bottleneck is crucial for the future sustainability of the agricultural sector in the UK.
    Score: 0.3
  - Chunk ID: Document_chunk_48
    Content: The speaker is emphasizing the critical need for the UK to enhance its manufacturing capacity to process locally grown potatoes. Currently, a significant amount of potatoes is imported for ready-made meals, despite having ample domestic supply. The investment in processing facilities has largely gone abroad, leading to a situation where UK-grown potatoes are sent to countries like Belgium for processing and then returned as finished products. This not only raises costs but also contributes to unnecessary road miles, which is environmentally unsustainable. The speaker questions the logic behind this practice and advocates for a shift towards utilizing local resources more effectively.
    Score: 0.2
  - Chunk ID: Document_chunk_47
    Content: The statement ""But that might be more difficult."" is made in the context of discussing the implications of Brexit on the agricultural sector, particularly regarding the importation of potatoes and the processing capacity within the UK. The speaker is highlighting that while the challenges of importing may create opportunities for local farmers, the existing bottlenecks in processing capacity could hinder the ability to fully capitalize on these opportunities. This underscores the need for investment in local processing facilities to ensure that domestic produce can be effectively utilized and marketed.
    Score: 0.15
  - Chunk ID: Document_chunk_45
    Content: The speaker emphasizes that the food manufacturing industry in the UK is facing significant challenges, particularly with the influx of cheaper imports and the lack of support for local producers. They argue that there is an urgent need to clamp down on practices that undermine the local agricultural economy, suggesting that without intervention, the sustainability of the industry is at risk. This statement reflects a broader concern about the need for a more resilient food system that prioritizes local sourcing and fair pricing for farmers, especially in the wake of disruptions caused by external factors like Brexit and the pandemic.
    Score: 0.12

Task: Select quotations that align with the research objectives and theoretical framework while following these criteria:

For each quotation, provide:

1. quote_data:
{
    ""quotation"": str,                    # The exact quotation text
    ""context"": str,                  # Surrounding context from interview
    ""type"": str,                     # 'discrete' (brief diverse perspectives)
                                    # 'embedded' (transition phrases) 
                                    # 'longer' (complex understanding)
    ""function"": str,                 # 'evidence' | 'explanation' | 'illustration' | 
                                    # 'impression' | 'representation'
    ""pattern_strength"": float,       # 0.0-1.0 indicating robustness of pattern
    ""theoretical_alignment"": float   # 0.0-1.0 alignment with framework
}

2. analysis:
{
    ""selection_rationale"": str,     # Why this quote was chosen 
    ""theoretical_relevance"": str,   # How quote supports theoretical framework
    ""objective_support"": str,       # How quote advances research objectives
    ""patterns"": str                 # Key patterns identified
}

Key Guidelines:
1. Focus on relevance to research objectives
2. Ensure theoretical alignment
3. Provide adequate context
4. Identify clear patterns
5. Maintain participant confidentiality
6. Balance diversity of perspectives

Return response as valid JSON with 'quotations' and 'analysis' fields.
","[{""quotation"": ""The farmers are there, they’ll do a good job. They’re there to do it. But if they can’t process what we produce, we’re snookered. We’re just flooding the market."", ""type"": ""challenge"", ""context"": ""This statement reflects the operational challenge of processing capacity, indicating that without adequate processing, production efforts are rendered ineffective.""}, {""quotation"": ""So, it sounds like the bottle-neck is actually going to be processing capacity in the UK?"", ""type"": ""challenge"", ""context"": ""This highlights the critical bottleneck in the supply chain, emphasizing the need for improved processing facilities to support local farmers.""}, {""quotation"": ""So, it’s about developing manufacturing capacity to actually use what we already have? We use what here, we import a large amount of potatoes anyway, for ready-made meals and things like that."", ""type"": ""strategy"", ""context"": ""This suggests a strategic approach to enhance local manufacturing capacity, which is essential for sustainability and reducing reliance on imports.""}, {""quotation"": ""And I know there’s McCain’s have reduced what they spend here, and [unclear – 0:16:17:0] their major competitor take potatoes out of the UK, into Belgium, process them and they come back as a value pack for the supermarkets."", ""type"": ""challenge"", ""context"": ""This illustrates the economic factors at play, where local processing is being undermined by international practices, affecting the local economy.""}, {""quotation"": ""Why are we allowing the road miles and everything else – it’s crackers."", ""type"": ""sustainability"", ""context"": ""This statement raises concerns about sustainability, questioning the environmental impact of current practices and advocating for local solutions.""}, {""quotation"": ""And that, as an industry, as a country, for food manufacturing areas we need to clamp down on."", ""type"": ""strategy"", ""context"": ""This emphasizes the need for collective action within the industry to address the challenges and improve the sustainability of food manufacturing.""}]"
"
You are conducting thematic analysis following Braun and Clarke's (2006) approach.

Research Objectives:
To comprehensively understand the operations, challenges, strategies, and future outlook of a farming organization in the context of market dynamics, sustainability, and economic factors.

Theoretical Framework:
Constructivist

Transcript Chunks:
  - Chunk ID: Document_chunk_65
    Content: Now I’m in my late 30’s (nearly 40!), I should really be pushing things on. Yeah, building things up, developing them, yeah. However, the reality is that I’m doing quite the opposite. Due to the current challenges in the agricultural sector, I find myself scaling back my operations. From the [org name] point of view, I’m focusing on getting more growers on board and spreading the risk out to more growers. This way, the more growers we have, the less at risk we are, allowing us to navigate the uncertainties of the market more effectively.
    Score: 0.6666666666666666
  - Chunk ID: Document_chunk_64
    Content: The speaker highlights the difficulties banks face in lending to businesses with negative cash flow, a situation exacerbated by the COVID-19 pandemic. They express concern that many businesses will find themselves in similar predicaments. In response to these challenges, the speaker has devised a contingency plan for their farming operations, which involves reducing the scale of their activities. This decision is driven by the need to minimize financial risk and ensure that their operations remain viable in an unpredictable market.
    Score: 0.2
  - Chunk ID: Document_chunk_66
    Content: The speaker emphasizes that on the organizational side, they can mitigate risk by diversifying and bringing in more growers. This strategy allows them to spread the risk across a broader base, ensuring that they are not overly reliant on a limited number of suppliers. Conversely, on the farm side, the only viable option is to downscale operations to a level that is manageable. This means reducing the size of their farming activities to ensure that they can guarantee sales for all the products they produce, thus maintaining financial stability in a challenging market environment.
    Score: 0.1
  - Chunk ID: Document_chunk_54
    Content: The speaker recognizes the pressing issues within the agricultural sector, stating, ""I can see the issue. I know exactly what the issue is and I know where you’d take it forward."" However, they feel limited in their ability to effect change due to a lack of investment, saying, ""without the investment or money to back what requires doing, it’s a waste of time."" They then discuss the stability of their organization, noting, ""The stability in [org name] is fine,"" but contrasting this with the ""disastrous"" state of agriculture, emphasizing that without farmers and a reliable supply of potatoes, their organization cannot maintain stability. This highlights the critical need for financial support and investment in the agricultural sector to ensure its resilience and sustainability.
    Score: 0.05
  - Chunk ID: Document_chunk_1
    Content: When you say that, do you mean the farm side or the [org name]? I think the [org name]. [org name] is 3 farmers, we all grow potatoes. We are all selling individually, and what we’re trying to do is come together to make an organisation basically, where all our potatoes are bought centrally and marketed all together. This organization is designed to streamline the process, allowing us to work collectively rather than as isolated entities. So, fundamentally, we brought in a trader to take the burden out of the individual farms and get closer to the customers, because the customers don’t really want to deal with the farms; they would rather go through an organization. This setup acts as an interface between the farmers and the customers, ensuring that the organization is owned by the farmers and tailored to their needs.
    Score: 0.04000000000000001

Task: Select quotations that align with the research objectives and theoretical framework while following these criteria:

For each quotation, provide:

1. quote_data:
{
    ""quotation"": str,                    # The exact quotation text
    ""context"": str,                  # Surrounding context from interview
    ""type"": str,                     # 'discrete' (brief diverse perspectives)
                                    # 'embedded' (transition phrases) 
                                    # 'longer' (complex understanding)
    ""function"": str,                 # 'evidence' | 'explanation' | 'illustration' | 
                                    # 'impression' | 'representation'
    ""pattern_strength"": float,       # 0.0-1.0 indicating robustness of pattern
    ""theoretical_alignment"": float   # 0.0-1.0 alignment with framework
}

2. analysis:
{
    ""selection_rationale"": str,     # Why this quote was chosen 
    ""theoretical_relevance"": str,   # How quote supports theoretical framework
    ""objective_support"": str,       # How quote advances research objectives
    ""patterns"": str                 # Key patterns identified
}

Key Guidelines:
1. Focus on relevance to research objectives
2. Ensure theoretical alignment
3. Provide adequate context
4. Identify clear patterns
5. Maintain participant confidentiality
6. Balance diversity of perspectives

Return response as valid JSON with 'quotations' and 'analysis' fields.
","[{""quotation"": ""Now I’m in my late 30’s (nearly 40!), I should really be pushing things on. Yeah, building things up, developing them, yeah. Developing, and actually, we doing quite the opposite. I’m doing the less. From the [org name] point of view, basically, I’m getting more growers on board and spreading the risk out to more growers. So, the more growers we get, the less at risk we are."", ""type"": ""operational strategy"", ""context"": ""This quote reflects the strategy of risk management through increasing the number of growers involved, which is crucial for the organization's sustainability.""}, {""quotation"": ""And the banks are – it’s very difficult for them to lend, if the business has a negative cash flow, through no fault of their own. And there’ll be a lot of businesses after COVID with the same scenario now."", ""type"": ""economic challenge"", ""context"": ""This highlights the financial challenges faced by the organization, particularly in the aftermath of COVID-19, which is essential for understanding the economic factors affecting operations.""}, {""quotation"": ""The contingency plan for the farm side of things is basically reduce what I’m doing, because I cannot risk the losses. So, I’m actually downscaling what we’re doing. Reducing the farm size."", ""type"": ""risk management"", ""context"": ""This statement emphasizes the need for downscaling as a contingency plan, showcasing the organization's adaptive strategies in response to economic pressures.""}, {""quotation"": ""Without the farmers and the potatoes, and supply what ever you’re doing, we’re not very stable. The problem is, manufacturing full stop."", ""type"": ""stability concern"", ""context"": ""This quote underscores the critical role of farmers in ensuring stability within the organization, linking operational challenges to broader market dynamics.""}, {""quotation"": ""So, it’s like an interface between the farmers and the customers? Yes, basically, somewhere in the middle it’s owned by the farmers. Set up for the farmers."", ""type"": ""organizational structure"", ""context"": ""This illustrates the collaborative structure being developed to enhance market access and stability, which is vital for the organization's future outlook.""}]"
"
You are conducting thematic analysis following Braun and Clarke's (2006) approach.

Research Objectives:
To comprehensively understand the operations, challenges, strategies, and future outlook of a farming organization in the context of market dynamics, sustainability, and economic factors.

Theoretical Framework:
Constructivist

Transcript Chunks:
  - Chunk ID: Document_chunk_86
    Content: The statement, ""Put it to them – to do what you want and what you say you’re going to do, we need these businesses to invest,"" encapsulates the urgent call for financial support within the agricultural industry. The speaker is advocating for a shift in focus towards securing investment that can empower farmers and organizations to implement their strategies effectively. This need for investment is underscored by the challenges posed by market volatility, competition, and the impact of external factors like COVID-19 and Brexit, which have exacerbated the financial strain on farmers. By securing the necessary funding, the organization aims to streamline operations, reduce inefficiencies, and ultimately ensure that more profits return to the farmers, thereby fostering a more sustainable food system.
    Score: 0.3
  - Chunk ID: Document_chunk_80
    Content: The discussion highlights the precarious situation facing the agricultural industry, particularly the reliance on manufacturers for the viability of farming operations. The speaker's concern that ""if all the manufacturers stop, it’ll kill it"" underscores the critical need for a stable processing capacity to support farmers. The subsequent inquiry about the general consensus among industry stakeholders reflects an effort to understand the broader challenges and explore collaborative solutions. This context is essential for framing the ongoing research aimed at identifying common issues and potential strategies to bolster the agricultural sector.
    Score: 0.2
  - Chunk ID: Document_chunk_61
    Content: The phrase ""We don’t know which way it’s going to go"" encapsulates the prevailing uncertainty in the agricultural sector, particularly in light of recent changes such as Brexit and the ongoing challenges posed by the COVID-19 pandemic. Farmers are grappling with unpredictable market conditions, which have been exacerbated by fluctuating prices and the need for sustainable practices. This uncertainty is not just a personal concern but reflects a collective anxiety within the farming community about the future of agriculture in the UK. The speaker emphasizes the importance of addressing these challenges through investment and support for local farming initiatives to ensure a stable and sustainable future.
    Score: 0.19999999999999998
  - Chunk ID: Document_chunk_51
    Content: The farmers are there, they’ll do a good job. They’re there to do it. But if they can’t process what we produce, we’re snookered. We’re just flooding the market. This statement underscores the pressing issue of inadequate processing capacity in the UK agricultural sector, which has been exacerbated by recent challenges such as Brexit and the COVID-19 pandemic. The speaker is concerned that without sufficient processing facilities, the hard work of farmers will not translate into marketable products, leading to waste and financial instability. This reflects a broader call for investment in local processing capabilities to ensure that farmers can effectively bring their produce to market and sustain their livelihoods.
    Score: 0.15
  - Chunk ID: Document_chunk_45
    Content: The speaker emphasizes that the food manufacturing industry in the UK is facing significant challenges, particularly with the influx of cheaper imports and the lack of support for local producers. They argue that there is an urgent need to clamp down on practices that undermine the local agricultural economy, suggesting that without intervention, the sustainability of the industry is at risk. This statement reflects a broader concern about the need for a more resilient food system that prioritizes local sourcing and fair pricing for farmers, especially in the wake of disruptions caused by external factors like Brexit and the pandemic.
    Score: 0.12

Task: Select quotations that align with the research objectives and theoretical framework while following these criteria:

For each quotation, provide:

1. quote_data:
{
    ""quotation"": str,                    # The exact quotation text
    ""context"": str,                  # Surrounding context from interview
    ""type"": str,                     # 'discrete' (brief diverse perspectives)
                                    # 'embedded' (transition phrases) 
                                    # 'longer' (complex understanding)
    ""function"": str,                 # 'evidence' | 'explanation' | 'illustration' | 
                                    # 'impression' | 'representation'
    ""pattern_strength"": float,       # 0.0-1.0 indicating robustness of pattern
    ""theoretical_alignment"": float   # 0.0-1.0 alignment with framework
}

2. analysis:
{
    ""selection_rationale"": str,     # Why this quote was chosen 
    ""theoretical_relevance"": str,   # How quote supports theoretical framework
    ""objective_support"": str,       # How quote advances research objectives
    ""patterns"": str                 # Key patterns identified
}

Key Guidelines:
1. Focus on relevance to research objectives
2. Ensure theoretical alignment
3. Provide adequate context
4. Identify clear patterns
5. Maintain participant confidentiality
6. Balance diversity of perspectives

Return response as valid JSON with 'quotations' and 'analysis' fields.
","[{""quotation"": ""Put it to them – to do what you want and what you say you’re going to do, we need these businesses to invest."", ""type"": ""operational challenge"", ""context"": ""This statement emphasizes the necessity of investment from businesses to achieve operational goals, reflecting the challenges faced by the farming organization in securing resources.""}, {""quotation"": ""If all the manufacturers stop, it’ll kill it. And that’s all very worrying."", ""type"": ""market dynamics"", ""context"": ""This highlights the interdependence between farmers and manufacturers, indicating that disruptions in manufacturing could have dire consequences for the farming sector.""}, {""quotation"": ""We don’t know which way it’s going to go."", ""type"": ""uncertainty"", ""context"": ""This reflects the uncertainty in the agricultural market, which is a significant challenge for the organization as it navigates future strategies.""}, {""quotation"": ""The farmers are there, they’ll do a good job. They’re there to do it. But if they can’t process what we produce, we’re snookered. We’re just flooding the market."", ""type"": ""processing capability"", ""context"": ""This statement underscores the importance of processing capabilities in the agricultural supply chain and the potential consequences of market oversaturation.""}, {""quotation"": ""And that, as an industry, as a country, for food manufacturing areas we need to clamp down on."", ""type"": ""sustainability"", ""context"": ""This indicates a call for more sustainable practices within the industry, reflecting the need for strategic approaches to address environmental and economic challenges.""}]"
